117.8616255,117.8616255,101.0883017,101.0883017,123.2673658,123.2673658,50.09095253,50.09095253,39.93608719,39.93608719,9.339563493,9.339563493,41.32128233,41.32128233,179.7348613,179.7348613,84.73498601,84.73498601,83.76256893,83.76256893
298.0722457,298.0722457,76.53011078,76.53011078,110.1355683,110.1355683,112.898215,112.898215,40.1339693,40.1339693,31.4099976,31.4099976,108.8620559,108.8620559,22.4019073,22.4019073,44.56956053,44.56956053,41.08844794,41.08844794
57.97082756,57.97082756,228.6356289,228.6356289,66.74385941,66.74385941,173.9292082,173.9292082,121.2137657,121.2137657,25.39723923,25.39723923,28.51023658,28.51023658,133.1162309,133.1162309,25.63256783,25.63256783,15.65427784,15.65427784
60.90572478,60.90572478,87.85252119,87.85252119,123.3691926,123.3691926,76.60493051,76.60493051,100.0751721,100.0751721,7.785753924,7.785753924,34.42033856,34.42033856,255.0841893,255.0841893,24.77926487,24.77926487,8.530870287,8.530870287
687.5875579,687.5875579,233.6341956,233.6341956,141.1631638,141.1631638,180.1404165,180.1404165,31.19335885,31.19335885,61.6695359,61.6695359,57.72500666,57.72500666,35.37696408,35.37696408,69.7786882,69.7786882,66.1278272,66.1278272
625.1252259,625.1252259,134.0399204,134.0399204,353.1790546,353.1790546,403.0417047,403.0417047,157.6738993,157.6738993,35.31705678,35.31705678,24.61251998,24.61251998,111.2569866,111.2569866,75.62936609,75.62936609,59.3263497,59.3263497
315.2779005,315.2779005,336.1870107,336.1870107,202.9359658,202.9359658,108.0543982,108.0543982,252.6812157,252.6812157,105.1904524,105.1904524,99.6073615,99.6073615,152.9181676,152.9181676,84.90357118,84.90357118,36.98191888,36.98191888
275.2964929,275.2964929,269.4564998,269.4564998,20.69827046,20.69827046,82.66823674,82.66823674,23.90778014,23.90778014,29.90915636,29.90915636,61.11756838,61.11756838,265.3179811,265.3179811,52.6862406,52.6862406,46.987571,46.987571
118.2515916,118.2515916,127.5940586,127.5940586,236.5157793,236.5157793,75.07949222,75.07949222,74.11315503,74.11315503,33.20294453,33.20294453,36.4867295,36.4867295,150.0638765,150.0638765,77.07586121,77.07586121,36.42798463,36.42798463
66.46966412,66.46966412,128.058967,128.058967,131.3838656,131.3838656,101.4144562,101.4144562,45.80066777,45.80066777,30.50220609,30.50220609,27.00818404,27.00818404,184.3512353,184.3512353,19.42144752,19.42144752,82.6660226,82.6660226
487.8059413,487.8059413,136.7404151,136.7404151,25.36473687,25.36473687,247.6967539,247.6967539,87.34721289,87.34721289,81.10392816,81.10392816,57.55735546,57.55735546,54.73666795,54.73666795,8.102948784,8.102948784,28.02268537,28.02268537
502.1110968,502.1110968,55.16337901,55.16337901,77.84431521,77.84431521,102.9437514,102.9437514,204.2372312,204.2372312,78.25047831,78.25047831,60.94714107,60.94714107,186.5540264,186.5540264,66.05722501,66.05722501,56.36030318,56.36030318
263.8982936,263.8982936,158.7411066,158.7411066,48.1635678,48.1635678,170.7374954,170.7374954,125.4465987,125.4465987,17.43825752,17.43825752,3.335135846,3.335135846,89.74297845,89.74297845,49.41876091,49.41876091,13.52112164,13.52112164
295.1314835,295.1314835,114.3746895,114.3746895,110.043701,110.043701,115.2759819,115.2759819,83.17586787,83.17586787,65.54203795,65.54203795,80.88816049,80.88816049,142.6555254,142.6555254,65.11623547,65.11623547,51.61916576,51.61916576
383.7505964,383.7505964,172.3661024,172.3661024,137.3142535,137.3142535,283.0891017,283.0891017,66.78647732,66.78647732,122.2637159,122.2637159,42.90832695,42.90832695,101.5525207,101.5525207,50.40204233,50.40204233,51.15059268,51.15059268
280.8766796,280.8766796,59.48716498,59.48716498,120.8959155,120.8959155,191.6307821,191.6307821,106.9333852,106.9333852,94.87761231,94.87761231,57.80413672,57.80413672,160.1210922,160.1210922,38.40966028,38.40966028,92.04127134,92.04127134
511.3856382,511.3856382,19.02345175,19.02345175,111.7067375,111.7067375,426.23263,426.23263,124.2778112,124.2778112,102.5216637,102.5216637,21.32414514,21.32414514,203.0171639,203.0171639,46.28555125,46.28555125,69.64278691,69.64278691
299.1352192,299.1352192,173.8305726,173.8305726,44.39414374,44.39414374,125.4119885,125.4119885,159.1384674,159.1384674,70.20908289,70.20908289,24.13226504,24.13226504,108.1587528,108.1587528,89.00749374,89.00749374,32.96524809,32.96524809
212.0451297,212.0451297,9.704684787,9.704684787,252.3839567,252.3839567,178.3627226,178.3627226,47.63869984,47.63869984,52.58375358,52.58375358,16.69285687,16.69285687,131.8075532,131.8075532,48.67664888,48.67664888,20.11691572,20.11691572
263.182811,263.182811,162.1190993,162.1190993,203.7814568,203.7814568,233.4965189,233.4965189,144.2502468,144.2502468,112.9651521,112.9651521,49.10363877,49.10363877,55.36498425,55.36498425,9.943829346,9.943829346,53.82636914,53.82636914
121.5517582,121.5517582,134.2687225,134.2687225,259.300985,259.300985,179.9155479,179.9155479,107.7013318,107.7013318,71.95926668,71.95926668,93.14251722,93.14251722,91.81700993,91.81700993,29.61730883,29.61730883,21.581358,21.581358
322.7993633,322.7993633,122.8397543,122.8397543,146.7741273,146.7741273,398.9204889,398.9204889,87.29100635,87.29100635,40.56056491,40.56056491,23.80589126,23.80589126,123.2804112,123.2804112,43.75426383,43.75426383,67.44288217,67.44288217
314.2063599,314.2063599,256.6581316,256.6581316,304.5025597,304.5025597,263.3384421,263.3384421,120.1802875,120.1802875,96.84995197,96.84995197,60.69820969,60.69820969,110.6867557,110.6867557,27.96385536,27.96385536,61.67984791,61.67984791
52.55438596,52.55438596,230.4638332,230.4638332,106.9753403,106.9753403,91.33147706,91.33147706,115.7741363,115.7741363,48.85160448,48.85160448,55.99604348,55.99604348,56.50816047,56.50816047,23.37316407,23.37316407,62.5543212,62.5543212
590.8334887,590.8334887,245.5270438,245.5270438,84.72767284,84.72767284,255.4035981,255.4035981,54.68938374,54.68938374,140.1689789,140.1689789,22.51220293,22.51220293,210.9133874,210.9133874,61.26861946,61.26861946,46.98037458,46.98037458
120.3019193,120.3019193,107.5583385,107.5583385,171.4030825,171.4030825,114.4552659,114.4552659,74.26306456,74.26306456,10.73329495,10.73329495,37.15332839,37.15332839,184.2178322,184.2178322,58.48253714,58.48253714,114.4192049,114.4192049
309.3700219,309.3700219,190.8056526,190.8056526,30.26212025,30.26212025,121.7764918,121.7764918,183.5216389,183.5216389,77.29067158,77.29067158,49.83069231,49.83069231,158.1329162,158.1329162,57.37574381,57.37574381,19.51910793,19.51910793
544.2552586,544.2552586,181.1782954,181.1782954,344.2566274,344.2566274,325.9829431,325.9829431,27.97555108,27.97555108,0.313483121,0.313483121,13.15457967,13.15457967,202.3761676,202.3761676,28.09395396,28.09395396,66.82453564,66.82453564
319.6839397,319.6839397,243.6440467,243.6440467,108.7829019,108.7829019,51.38335323,51.38335323,95.55774286,95.55774286,71.67808084,71.67808084,22.82567719,22.82567719,240.892535,240.892535,28.49337994,28.49337994,43.23978308,43.23978308
317.0798404,317.0798404,194.6952901,194.6952901,185.5524424,185.5524424,289.6237425,289.6237425,83.61948469,83.61948469,9.593051692,9.593051692,23.02266312,23.02266312,286.6409064,286.6409064,64.65439619,64.65439619,39.75497371,39.75497371
416.011105,416.011105,64.27142921,64.27142921,247.7425751,247.7425751,260.7587977,260.7587977,115.2896296,115.2896296,71.99790013,71.99790013,59.91837138,59.91837138,125.3651902,125.3651902,83.02366212,83.02366212,23.07107666,23.07107666
472.708974,472.708974,181.6717672,181.6717672,44.45678067,44.45678067,90.08445,90.08445,56.89960537,56.89960537,43.38380224,43.38380224,70.03971005,70.03971005,146.6590099,146.6590099,18.10914311,18.10914311,68.03016862,68.03016862
173.5582634,173.5582634,180.620984,180.620984,184.7568321,184.7568321,206.7655215,206.7655215,90.07754427,90.07754427,68.44037573,68.44037573,57.03207019,57.03207019,27.84234034,27.84234034,62.73592984,62.73592984,47.09634756,47.09634756
177.3943235,177.3943235,178.3902275,178.3902275,163.4417602,163.4417602,157.9148356,157.9148356,60.68036917,60.68036917,87.80343757,87.80343757,46.54345931,46.54345931,161.1119691,161.1119691,33.86422799,33.86422799,60.24364619,60.24364619
537.5681295,537.5681295,78.18486998,78.18486998,104.148833,104.148833,294.0597632,294.0597632,92.67457763,92.67457763,35.44868692,35.44868692,63.04901388,63.04901388,319.7034483,319.7034483,51.39236704,51.39236704,63.28974556,63.28974556
116.7505175,116.7505175,194.2943294,194.2943294,62.99513654,62.99513654,160.2944438,160.2944438,67.09488644,67.09488644,112.0261394,112.0261394,34.48244926,34.48244926,346.3481577,346.3481577,59.15709859,59.15709859,66.41812633,66.41812633
277.175345,277.175345,68.06392888,68.06392888,150.863591,150.863591,248.1293313,248.1293313,64.77106977,64.77106977,24.44067524,24.44067524,27.232778,27.232778,137.9719193,137.9719193,71.36004273,71.36004273,29.43592352,29.43592352
419.4797909,419.4797909,258.7514712,258.7514712,324.2622468,324.2622468,248.2690391,248.2690391,219.4433814,219.4433814,63.96993944,63.96993944,115.588266,115.588266,151.5031583,151.5031583,35.00889387,35.00889387,60.869201,60.869201
547.7872469,547.7872469,52.548549,52.548549,201.8269394,201.8269394,203.7893162,203.7893162,101.9913948,101.9913948,35.55044234,35.55044234,42.40642562,42.40642562,399.5978294,399.5978294,36.0314964,36.0314964,44.63093486,44.63093486
100.827173,100.827173,173.9919295,173.9919295,167.5633794,167.5633794,41.86702507,41.86702507,140.1394766,140.1394766,70.5024149,70.5024149,14.56514962,14.56514962,95.23243703,95.23243703,32.45257434,32.45257434,44.40947438,44.40947438
166.586581,166.586581,237.5286267,237.5286267,123.7202161,123.7202161,101.2144422,101.2144422,77.26630684,77.26630684,18.89722751,18.89722751,32.69476369,32.69476369,78.12290461,78.12290461,65.21247005,65.21247005,28.13413397,28.13413397
521.5500597,521.5500597,342.7395902,342.7395902,152.2843411,152.2843411,299.9447392,299.9447392,56.08661502,56.08661502,86.23207074,86.23207074,35.65925718,35.65925718,239.5953486,239.5953486,90.21873787,90.21873787,52.81265878,52.81265878
336.2572282,336.2572282,195.4187681,195.4187681,244.7516185,244.7516185,406.5732328,406.5732328,129.8481191,129.8481191,121.0828952,121.0828952,59.36481928,59.36481928,61.03306172,61.03306172,49.56429005,49.56429005,96.23352928,96.23352928
304.7865693,304.7865693,62.01157863,62.01157863,241.8999865,241.8999865,50.1482521,50.1482521,36.00238768,36.00238768,70.81596817,70.81596817,27.73243883,27.73243883,259.9630075,259.9630075,16.15526149,16.15526149,81.14777694,81.14777694
710.1163225,710.1163225,228.0022807,228.0022807,74.25706843,74.25706843,170.125749,170.125749,60.33084528,60.33084528,59.46015204,59.46015204,28.61056992,28.61056992,101.9584955,101.9584955,76.00439852,76.00439852,48.10697277,48.10697277
65.54736742,65.54736742,190.5535754,190.5535754,99.76924432,99.76924432,167.816799,167.816799,151.8675811,151.8675811,85.72366259,85.72366259,28.54966579,28.54966579,108.6334062,108.6334062,27.59975008,27.59975008,44.43068865,44.43068865
170.6199793,170.6199793,194.4558342,194.4558342,53.40971321,53.40971321,289.2882756,289.2882756,53.57972635,53.57972635,25.29810486,25.29810486,9.036516443,9.036516443,93.36617809,93.36617809,34.33989588,34.33989588,34.59843097,34.59843097
413.0288395,413.0288395,36.58804684,36.58804684,42.1434018,42.1434018,243.7424405,243.7424405,147.9924391,147.9924391,101.0715167,101.0715167,20.64213231,20.64213231,117.4485891,117.4485891,9.541147617,9.541147617,26.58045811,26.58045811
490.0845487,490.0845487,135.8933301,135.8933301,50.53553338,50.53553338,198.9697604,198.9697604,38.65084376,38.65084376,78.11644473,78.11644473,59.26051487,59.26051487,57.52382539,57.52382539,55.83560327,55.83560327,22.5559102,22.5559102
106.7047633,106.7047633,245.1557441,245.1557441,160.7696125,160.7696125,76.22199953,76.22199953,106.7412629,106.7412629,82.48388165,82.48388165,16.43703304,16.43703304,207.9187975,207.9187975,27.78458232,27.78458232,41.68349003,41.68349003
90.52339018,90.52339018,194.4724876,194.4724876,70.22650671,70.22650671,162.6496061,162.6496061,13.49919086,13.49919086,106.965575,106.965575,21.18421585,21.18421585,179.466979,179.466979,14.99569524,14.99569524,71.93456053,71.93456053
361.6380492,361.6380492,135.6898213,135.6898213,170.4759499,170.4759499,293.348529,293.348529,103.6338959,103.6338959,63.3809524,63.3809524,32.63532838,32.63532838,50.14757178,50.14757178,11.29079101,11.29079101,50.65129687,50.65129687
230.0310434,230.0310434,216.3438027,216.3438027,154.1428539,154.1428539,259.9184667,259.9184667,80.69685854,80.69685854,116.0403003,116.0403003,47.10220298,47.10220298,47.71664591,47.71664591,78.61099401,78.61099401,70.02679433,70.02679433
282.9442925,282.9442925,257.6389425,257.6389425,20.15641311,20.15641311,180.0043607,180.0043607,170.2150367,170.2150367,73.12514111,73.12514111,35.31907809,35.31907809,32.09249534,32.09249534,21.714988,21.714988,50.86620481,50.86620481
432.0083042,432.0083042,165.0543799,165.0543799,145.8016657,145.8016657,336.3946946,336.3946946,37.58717327,37.58717327,80.82130687,80.82130687,38.24163691,38.24163691,100.96434,100.96434,22.30770658,22.30770658,34.46483395,34.46483395
625.060617,625.060617,170.3529943,170.3529943,208.1261861,208.1261861,258.6892674,258.6892674,158.3859073,158.3859073,15.30263435,15.30263435,33.64380848,33.64380848,201.8077319,201.8077319,37.83147969,37.83147969,33.30001463,33.30001463
323.8259363,323.8259363,106.6257577,106.6257577,74.87551836,74.87551836,162.4179645,162.4179645,163.1438299,163.1438299,42.42754758,42.42754758,53.42718156,53.42718156,380.7756991,380.7756991,46.05227072,46.05227072,47.80419075,47.80419075
402.2275792,402.2275792,99.5759693,99.5759693,129.5628025,129.5628025,350.3378622,350.3378622,19.77447031,19.77447031,85.16016678,85.16016678,63.65094433,63.65094433,211.4479859,211.4479859,102.7629085,102.7629085,86.10990141,86.10990141
383.0039176,383.0039176,157.0830127,157.0830127,117.5152077,117.5152077,188.7874232,188.7874232,63.89352458,63.89352458,28.46372989,28.46372989,37.39494786,37.39494786,68.30530702,68.30530702,115.2925547,115.2925547,63.32418451,63.32418451
419.3342828,419.3342828,95.22865926,95.22865926,134.6861505,134.6861505,119.1367779,119.1367779,53.12672815,53.12672815,88.35767257,88.35767257,65.02839848,65.02839848,77.62786123,77.62786123,75.53180944,75.53180944,71.8240474,71.8240474
44.90617389,44.90617389,192.6791173,192.6791173,76.27739082,76.27739082,164.9569895,164.9569895,89.73151698,89.73151698,38.60069752,38.60069752,50.21708828,50.21708828,100.2331935,100.2331935,73.96388224,73.96388224,62.69152063,62.69152063
524.2172808,524.2172808,48.97729752,48.97729752,20.47348154,20.47348154,143.8890727,143.8890727,94.19897348,94.19897348,32.72452994,32.72452994,30.96513935,30.96513935,190.0974753,190.0974753,16.7917323,16.7917323,41.73005089,41.73005089
484.2017406,484.2017406,256.6667946,256.6667946,78.17909301,78.17909301,139.2113875,139.2113875,29.7692504,29.7692504,20.10740059,20.10740059,63.85340315,63.85340315,401.9536241,401.9536241,51.96702741,51.96702741,82.36056383,82.36056383
533.4617247,533.4617247,41.21555854,41.21555854,276.0954241,276.0954241,39.0458436,39.0458436,75.94305918,75.94305918,63.29138297,63.29138297,65.83486825,65.83486825,103.8333826,103.8333826,24.60607794,24.60607794,11.6242883,11.6242883
262.656314,262.656314,369.9413051,369.9413051,377.3236891,377.3236891,372.5832138,372.5832138,86.32298947,86.32298947,50.3145658,50.3145658,44.53762106,44.53762106,424.5355938,424.5355938,27.77598657,27.77598657,48.98925117,48.98925117
90.67134836,90.67134836,116.0038786,116.0038786,42.3313119,42.3313119,143.3548047,143.3548047,38.41157066,38.41157066,15.62563938,15.62563938,26.74435722,26.74435722,167.5470366,167.5470366,91.67956168,91.67956168,55.05497935,55.05497935
289.9794366,289.9794366,144.8886588,144.8886588,53.40317099,53.40317099,230.8731895,230.8731895,41.35856659,41.35856659,77.09183767,77.09183767,71.76909673,71.76909673,83.67439049,83.67439049,35.55069339,35.55069339,61.49327549,61.49327549
497.2736552,497.2736552,113.662748,113.662748,161.5763537,161.5763537,91.02735419,91.02735419,2.979933422,2.979933422,56.37903649,56.37903649,42.95075157,42.95075157,57.1715516,57.1715516,57.85921788,57.85921788,59.18238394,59.18238394
420.976033,420.976033,196.9054804,196.9054804,325.8941083,325.8941083,576.3654705,576.3654705,73.95571571,73.95571571,41.46882873,41.46882873,64.3798627,64.3798627,185.8770574,185.8770574,26.97861344,26.97861344,32.54800809,32.54800809
429.3707809,429.3707809,137.1507035,137.1507035,223.2317837,223.2317837,254.9872678,254.9872678,83.67082058,83.67082058,53.66517133,53.66517133,66.80045132,66.80045132,207.6218374,207.6218374,18.51919086,18.51919086,67.84639414,67.84639414
129.7461768,129.7461768,168.843432,168.843432,99.69434191,99.69434191,204.664142,204.664142,90.77048558,90.77048558,26.6469824,26.6469824,51.85051692,51.85051692,59.03477878,59.03477878,25.72780667,25.72780667,101.7999744,101.7999744
556.8657526,556.8657526,172.9596322,172.9596322,318.9528154,318.9528154,314.8563548,314.8563548,164.1833759,164.1833759,45.44380141,45.44380141,49.57905977,49.57905977,155.1150316,155.1150316,64.83941842,64.83941842,70.8722107,70.8722107
500.1481021,500.1481021,261.2831408,261.2831408,55.21713967,55.21713967,123.1418775,123.1418775,134.6674503,134.6674503,93.60118302,93.60118302,42.72303441,42.72303441,91.88922729,91.88922729,57.26213773,57.26213773,58.54034053,58.54034053
346.875119,346.875119,225.8053845,225.8053845,165.2427036,165.2427036,161.7421169,161.7421169,53.20282957,53.20282957,52.79019003,52.79019003,19.21895701,19.21895701,135.7901021,135.7901021,43.60529088,43.60529088,47.77164226,47.77164226
252.7067708,252.7067708,166.2428143,166.2428143,156.1048752,156.1048752,228.9052049,228.9052049,71.44218095,71.44218095,85.50817637,85.50817637,32.64651312,32.64651312,186.5250001,186.5250001,54.00618624,54.00618624,36.34332271,36.34332271
341.6946545,341.6946545,91.75241217,91.75241217,49.10782217,49.10782217,278.1196366,278.1196366,165.4284859,165.4284859,40.31712755,40.31712755,55.37123465,55.37123465,182.9015361,182.9015361,60.41659808,60.41659808,75.72905269,75.72905269
162.4248502,162.4248502,193.79996,193.79996,178.1981576,178.1981576,65.79515003,65.79515003,120.5283722,120.5283722,48.19102756,48.19102756,34.24358877,34.24358877,131.2667628,131.2667628,47.40942364,47.40942364,47.55949982,47.55949982
230.2368366,230.2368366,66.71115338,66.71115338,190.4532062,190.4532062,121.5067061,121.5067061,110.0377047,110.0377047,12.44527858,12.44527858,54.9811476,54.9811476,63.58815966,63.58815966,59.92187217,59.92187217,26.12732188,26.12732188
87.05402445,87.05402445,175.0526257,175.0526257,109.0800134,109.0800134,44.22030571,44.22030571,93.56907464,93.56907464,0.750301538,0.750301538,56.325242,56.325242,117.5713924,117.5713924,60.20389204,60.20389204,87.46532994,87.46532994
234.7991601,234.7991601,253.0087948,253.0087948,105.7855286,105.7855286,59.47904176,59.47904176,77.69449283,77.69449283,63.52083495,63.52083495,43.32092745,43.32092745,140.5283326,140.5283326,77.23192682,77.23192682,28.55904739,28.55904739
330.0062322,330.0062322,119.2552716,119.2552716,69.44968636,69.44968636,181.5993229,181.5993229,119.9917892,119.9917892,12.62002928,12.62002928,47.96912389,47.96912389,186.7448972,186.7448972,55.75530729,55.75530729,60.27448,60.27448
257.1619823,257.1619823,18.04041207,18.04041207,185.7510673,185.7510673,58.05046688,58.05046688,76.9484923,76.9484923,79.87395631,79.87395631,40.28355926,40.28355926,31.36537592,31.36537592,94.90143242,94.90143242,56.45621298,56.45621298
256.082811,256.082811,182.8467002,182.8467002,224.3282446,224.3282446,56.17632049,56.17632049,142.4398078,142.4398078,16.94792827,16.94792827,58.08700886,58.08700886,65.39931237,65.39931237,110.5181795,110.5181795,94.98697322,94.98697322
19.96605061,19.96605061,151.0689669,151.0689669,319.1705644,319.1705644,262.7183592,262.7183592,193.9076083,193.9076083,14.41312301,14.41312301,31.58655815,31.58655815,116.6106548,116.6106548,105.5316867,105.5316867,38.82861048,38.82861048
348.850452,348.850452,270.8459149,270.8459149,217.4734445,217.4734445,113.7463444,113.7463444,94.62642325,94.62642325,35.37551152,35.37551152,48.53531695,48.53531695,105.8914809,105.8914809,47.41253749,47.41253749,37.45152152,37.45152152
176.5379128,176.5379128,73.90537184,73.90537184,126.822698,126.822698,286.9019299,286.9019299,126.4772554,126.4772554,58.45868156,58.45868156,29.58061764,29.58061764,48.04575222,48.04575222,26.68401393,26.68401393,52.46705072,52.46705072
749.4720828,749.4720828,174.159719,174.159719,406.1285584,406.1285584,262.959131,262.959131,189.4305583,189.4305583,71.73196805,71.73196805,93.29827273,93.29827273,49.04217155,49.04217155,134.9555768,134.9555768,14.10105436,14.10105436
235.8823084,235.8823084,187.1287539,187.1287539,61.61717045,61.61717045,189.1491729,189.1491729,161.2962631,161.2962631,49.79151761,49.79151761,79.26258177,79.26258177,225.1114291,225.1114291,64.34306154,64.34306154,18.79579445,18.79579445
324.6448437,324.6448437,199.8069042,199.8069042,585.3474612,585.3474612,568.5506191,568.5506191,19.90094301,19.90094301,14.52055738,14.52055738,59.84797446,59.84797446,225.0456794,225.0456794,15.15585538,15.15585538,104.922335,104.922335
388.0564455,388.0564455,296.1226955,296.1226955,27.8227578,27.8227578,64.88475501,64.88475501,22.43193605,22.43193605,100.3538923,100.3538923,41.9479307,41.9479307,197.405152,197.405152,85.68458649,85.68458649,14.96262832,14.96262832
364.4126681,364.4126681,180.469521,180.469521,85.84568434,85.84568434,279.0438846,279.0438846,72.49388948,72.49388948,25.78452715,25.78452715,39.38527313,39.38527313,174.7039375,174.7039375,39.14337964,39.14337964,55.51693999,55.51693999
192.8719501,192.8719501,131.7126157,131.7126157,150.1468653,150.1468653,142.4239653,142.4239653,165.6447899,165.6447899,42.81340439,42.81340439,42.37278447,42.37278447,36.34876767,36.34876767,89.42988416,89.42988416,68.85119333,68.85119333
205.669075,205.669075,256.5494468,256.5494468,88.71262505,88.71262505,278.654291,278.654291,167.2179665,167.2179665,39.52555727,39.52555727,66.28888208,66.28888208,52.55649476,52.55649476,28.32094299,28.32094299,19.56146547,19.56146547
82.90091839,82.90091839,183.1062192,183.1062192,174.3045367,174.3045367,238.2526728,238.2526728,89.02885679,89.02885679,57.01247263,57.01247263,44.49700686,44.49700686,366.8534831,366.8534831,26.45036403,26.45036403,66.60944567,66.60944567
538.176366,538.176366,52.67862274,52.67862274,68.15510004,68.15510004,111.7184399,111.7184399,27.17507377,27.17507377,41.64450912,41.64450912,32.51935673,32.51935673,133.7011661,133.7011661,20.51598621,20.51598621,82.67916207,82.67916207
301.6710973,301.6710973,133.9208325,133.9208325,146.7568873,146.7568873,272.2052647,272.2052647,23.02105817,23.02105817,50.85271963,50.85271963,102.1956737,102.1956737,235.1816587,235.1816587,36.37037708,36.37037708,108.6149513,108.6149513
110.3092097,110.3092097,262.0170933,262.0170933,112.5142918,112.5142918,115.2562564,115.2562564,19.046134,19.046134,45.63175986,45.63175986,19.23299045,19.23299045,185.9536311,185.9536311,39.03784462,39.03784462,44.55660138,44.55660138
76.91433959,76.91433959,181.4488957,181.4488957,34.22009006,34.22009006,184.9569236,184.9569236,135.778326,135.778326,14.71466338,14.71466338,22.13963844,22.13963844,75.75296539,75.75296539,86.03774579,86.03774579,44.60582491,44.60582491
313.4431291,313.4431291,87.6108307,87.6108307,84.76253539,84.76253539,73.79262321,73.79262321,49.11417778,49.11417778,7.760168755,7.760168755,49.83369038,49.83369038,112.5491123,112.5491123,19.93588045,19.93588045,48.90567553,48.90567553
315.8226007,315.8226007,147.3828184,147.3828184,70.52836195,70.52836195,170.4579194,170.4579194,107.5431557,107.5431557,68.46142888,68.46142888,48.08781236,48.08781236,76.15607177,76.15607177,52.25116481,52.25116481,32.036882,32.036882
46.19272881,46.19272881,92.09116115,92.09116115,140.4537526,140.4537526,68.26637233,68.26637233,76.57213746,76.57213746,47.11990464,47.11990464,73.901893,73.901893,94.83778417,94.83778417,59.93451925,59.93451925,51.03247835,51.03247835
71.90701885,71.90701885,150.7803699,150.7803699,160.4269552,160.4269552,278.0530399,278.0530399,60.40927152,60.40927152,35.59668568,35.59668568,37.50052606,37.50052606,112.2837749,112.2837749,21.54198569,21.54198569,46.07517469,46.07517469
225.2986917,225.2986917,208.5026394,208.5026394,92.88519916,92.88519916,21.11792494,21.11792494,139.1797466,139.1797466,61.46366171,61.46366171,35.30798953,35.30798953,311.6265607,311.6265607,64.97422408,64.97422408,13.25561571,13.25561571
174.1419119,174.1419119,194.1829777,194.1829777,123.8862653,123.8862653,269.3365397,269.3365397,97.40161286,97.40161286,129.3729632,129.3729632,21.53315126,21.53315126,215.6198578,215.6198578,22.55936101,22.55936101,55.27120124,55.27120124
481.8387871,481.8387871,284.5312312,284.5312312,202.4347899,202.4347899,108.7343812,108.7343812,77.38572376,77.38572376,82.11919812,82.11919812,43.22389982,43.22389982,162.9145449,162.9145449,15.35873498,15.35873498,55.43784255,55.43784255
272.0214508,272.0214508,117.5979704,117.5979704,320.101984,320.101984,514.7294239,514.7294239,90.99441123,90.99441123,71.2198053,71.2198053,75.27364648,75.27364648,236.8055161,236.8055161,68.70814873,68.70814873,71.02213926,71.02213926
283.2645332,283.2645332,188.4450099,188.4450099,193.1274088,193.1274088,98.38234291,98.38234291,76.99990926,76.99990926,14.10441247,14.10441247,31.44064685,31.44064685,96.9806113,96.9806113,56.2961339,56.2961339,109.1888377,109.1888377
197.4027854,197.4027854,65.3891415,65.3891415,149.6608186,149.6608186,124.8683919,124.8683919,68.75477223,68.75477223,27.76002324,27.76002324,82.36035485,82.36035485,115.5488389,115.5488389,62.95951832,62.95951832,24.71998312,24.71998312
370.7399718,370.7399718,154.1585038,154.1585038,107.4822247,107.4822247,109.0553645,109.0553645,20.37078908,20.37078908,19.23663746,19.23663746,24.67721244,24.67721244,168.6454025,168.6454025,61.97599554,61.97599554,16.50550455,16.50550455
525.9499042,525.9499042,182.2160052,182.2160052,296.18155,296.18155,521.975339,521.975339,38.44562564,38.44562564,43.09114144,43.09114144,42.22372868,42.22372868,153.2693873,153.2693873,85.7105626,85.7105626,11.19696063,11.19696063
186.5353225,186.5353225,132.1967685,132.1967685,96.85696649,96.85696649,210.3916458,210.3916458,119.0557548,119.0557548,28.73569627,28.73569627,27.86260078,27.86260078,277.8072032,277.8072032,76.23746345,76.23746345,63.45135525,63.45135525
463.5371386,463.5371386,139.04666,139.04666,153.9550474,153.9550474,236.9647355,236.9647355,104.7984451,104.7984451,98.88408218,98.88408218,32.47539516,32.47539516,147.9092192,147.9092192,30.32463117,30.32463117,74.06270109,74.06270109
10.72479727,10.72479727,84.18331841,84.18331841,196.5032474,196.5032474,161.807751,161.807751,64.05058643,64.05058643,86.66188133,86.66188133,26.95677346,26.95677346,276.7616342,276.7616342,82.74940418,82.74940418,56.56295107,56.56295107
189.7371782,189.7371782,110.6405603,110.6405603,146.4113508,146.4113508,124.3007539,124.3007539,105.6566568,105.6566568,9.745558493,9.745558493,38.19773302,38.19773302,70.66340196,70.66340196,67.82007043,67.82007043,44.58861679,44.58861679
210.4574096,210.4574096,151.5123766,151.5123766,118.1992457,118.1992457,208.0959909,208.0959909,91.19229041,91.19229041,58.47575189,58.47575189,83.26734714,83.26734714,223.9040468,223.9040468,60.43906276,60.43906276,8.136262673,8.136262673
343.5095747,343.5095747,70.80111961,70.80111961,171.9995196,171.9995196,355.2068022,355.2068022,76.34174385,76.34174385,53.41959239,53.41959239,61.10441661,61.10441661,142.8463299,142.8463299,14.32786881,14.32786881,35.95190458,35.95190458
263.7560625,263.7560625,116.1890799,116.1890799,62.81125007,62.81125007,51.40574328,51.40574328,14.09631547,14.09631547,24.03080349,24.03080349,18.30616481,18.30616481,96.26212864,96.26212864,100.9145832,100.9145832,82.24123867,82.24123867
355.5074418,355.5074418,155.5346951,155.5346951,316.9221819,316.9221819,188.7777956,188.7777956,46.14951324,46.14951324,89.88497385,89.88497385,73.68515979,73.68515979,219.1012569,219.1012569,53.63160996,53.63160996,39.15960175,39.15960175
522.7551216,522.7551216,119.2502218,119.2502218,311.7138454,311.7138454,477.0451313,477.0451313,61.06803913,61.06803913,25.85455338,25.85455338,44.72241259,44.72241259,197.6660041,197.6660041,38.43143418,38.43143418,76.17927505,76.17927505
83.95825289,83.95825289,32.75003778,32.75003778,167.3818143,167.3818143,124.218803,124.218803,68.83839964,68.83839964,108.6065699,108.6065699,39.06505451,39.06505451,484.8662803,484.8662803,72.37600899,72.37600899,27.04174078,27.04174078
301.419319,301.419319,84.44021808,84.44021808,75.91326176,75.91326176,153.4081472,153.4081472,246.6236084,246.6236084,123.5532869,123.5532869,37.77803076,37.77803076,327.8758115,327.8758115,67.59317445,67.59317445,32.13151065,32.13151065
220.9370439,220.9370439,175.3590465,175.3590465,248.8478554,248.8478554,176.1668611,176.1668611,20.77396997,20.77396997,82.57286788,82.57286788,40.15156326,40.15156326,11.9296041,11.9296041,30.59834075,30.59834075,5.428347346,5.428347346
245.8742036,245.8742036,214.4347573,214.4347573,187.4186715,187.4186715,151.2405314,151.2405314,77.72915535,77.72915535,40.19779402,40.19779402,10.48392808,10.48392808,137.5514702,137.5514702,83.54630175,83.54630175,127.8576987,127.8576987
311.1374484,311.1374484,116.5948756,116.5948756,187.0473536,187.0473536,72.71101275,72.71101275,37.58268771,37.58268771,42.49643232,42.49643232,39.63388098,39.63388098,39.7066361,39.7066361,13.05459217,13.05459217,37.69399523,37.69399523
277.0263793,277.0263793,43.42742112,43.42742112,26.72157028,26.72157028,164.9938253,164.9938253,30.82326899,30.82326899,42.051578,42.051578,33.87249015,33.87249015,69.17290807,69.17290807,25.72209356,25.72209356,28.79620583,28.79620583
562.4584589,562.4584589,87.79082631,87.79082631,136.63214,136.63214,358.2120396,358.2120396,145.4039778,145.4039778,28.58152109,28.58152109,71.19087541,71.19087541,151.155537,151.155537,47.2129954,47.2129954,55.67650375,55.67650375
370.7939688,370.7939688,172.8191983,172.8191983,140.7127428,140.7127428,218.3486536,218.3486536,158.261023,158.261023,7.019023609,7.019023609,15.76143166,15.76143166,125.169667,125.169667,44.78419429,44.78419429,14.51325482,14.51325482
81.9577655,81.9577655,276.149274,276.149274,55.74623392,55.74623392,165.3556541,165.3556541,207.0347019,207.0347019,72.23278174,72.23278174,11.53582722,11.53582722,223.1695382,223.1695382,55.97408055,55.97408055,20.02292549,20.02292549
178.1429814,178.1429814,62.29380613,62.29380613,310.8527991,310.8527991,144.9162575,144.9162575,80.96129144,80.96129144,107.9808446,107.9808446,81.27520261,81.27520261,128.4005771,128.4005771,61.34530462,61.34530462,125.2399699,125.2399699
772.7207178,772.7207178,224.7250212,224.7250212,183.1419667,183.1419667,84.7778541,84.7778541,63.9944182,63.9944182,45.99566416,45.99566416,84.43457027,84.43457027,232.0474964,232.0474964,79.82305481,79.82305481,87.35426937,87.35426937
435.0872363,435.0872363,50.79662861,50.79662861,111.5129545,111.5129545,177.8975393,177.8975393,122.1664389,122.1664389,22.52772497,22.52772497,34.83325902,34.83325902,222.8280381,222.8280381,46.58406814,46.58406814,70.31320974,70.31320974
56.82030554,56.82030554,286.40319,286.40319,26.71035624,26.71035624,120.3381215,120.3381215,59.53942654,59.53942654,89.07244487,89.07244487,21.86369449,21.86369449,170.4766907,170.4766907,61.3750922,61.3750922,89.32657302,89.32657302
382.5961371,382.5961371,110.2813181,110.2813181,289.500515,289.500515,34.99860368,34.99860368,231.3890082,231.3890082,30.80323109,30.80323109,84.81042344,84.81042344,220.2720529,220.2720529,49.86021213,49.86021213,25.24351728,25.24351728
374.8947886,374.8947886,185.5693439,185.5693439,124.7953614,124.7953614,123.3027261,123.3027261,104.678887,104.678887,82.33296889,82.33296889,25.35759542,25.35759542,192.4079238,192.4079238,62.82771181,62.82771181,46.30984076,46.30984076
382.8050339,382.8050339,56.25629873,56.25629873,266.6780811,266.6780811,135.2509865,135.2509865,186.1049574,186.1049574,88.12433212,88.12433212,23.80746908,23.80746908,304.2666102,304.2666102,60.98382438,60.98382438,65.2140266,65.2140266
389.1641766,389.1641766,171.7376727,171.7376727,45.70425351,45.70425351,291.1688726,291.1688726,283.1848859,283.1848859,72.56479965,72.56479965,19.24591531,19.24591531,307.0541829,307.0541829,69.9232881,69.9232881,76.89337322,76.89337322
127.7080994,127.7080994,82.29428047,82.29428047,186.9901142,186.9901142,127.9979369,127.9979369,166.5014169,166.5014169,38.30784125,38.30784125,35.8999952,35.8999952,388.9540329,388.9540329,93.54688728,93.54688728,85.18945759,85.18945759
377.00952,377.00952,44.00648122,44.00648122,111.5468519,111.5468519,378.763491,378.763491,88.60878396,88.60878396,38.21709587,38.21709587,64.091685,64.091685,137.9264328,137.9264328,54.82203923,54.82203923,95.31032726,95.31032726
315.3938901,315.3938901,138.5886444,138.5886444,75.33722625,75.33722625,69.50104484,69.50104484,75.90032821,75.90032821,52.75744273,52.75744273,58.69338018,58.69338018,184.1301219,184.1301219,20.60264404,20.60264404,25.57926547,25.57926547
137.5522488,137.5522488,96.46525125,96.46525125,207.2306026,207.2306026,214.9973369,214.9973369,168.2673406,168.2673406,42.95576927,42.95576927,47.71298411,47.71298411,192.8235022,192.8235022,19.1329659,19.1329659,49.0975853,49.0975853
155.0768321,155.0768321,206.4270641,206.4270641,143.0074018,143.0074018,226.7813204,226.7813204,139.4917111,139.4917111,59.58540771,59.58540771,21.07555,21.07555,81.34114661,81.34114661,7.82401744,7.82401744,33.27663629,33.27663629
493.8675512,493.8675512,311.2000786,311.2000786,153.4577999,153.4577999,184.7110913,184.7110913,28.09115299,28.09115299,61.90484545,61.90484545,28.62141512,28.62141512,95.6104046,95.6104046,40.5548072,40.5548072,53.72669799,53.72669799
240.8555222,240.8555222,95.56841335,95.56841335,117.5150923,117.5150923,105.810891,105.810891,224.7667205,224.7667205,106.5236462,106.5236462,64.31839655,64.31839655,299.4941926,299.4941926,85.57246042,85.57246042,3.306730111,3.306730111
204.7046953,204.7046953,176.3755966,176.3755966,147.1366825,147.1366825,158.1469739,158.1469739,42.46378313,42.46378313,56.29930146,56.29930146,45.9701238,45.9701238,272.4242132,272.4242132,79.22648036,79.22648036,74.83813275,74.83813275
189.4991042,189.4991042,112.5051643,112.5051643,90.36280211,90.36280211,113.0491811,113.0491811,38.82681561,38.82681561,64.50572409,64.50572409,52.15022936,52.15022936,166.8265615,166.8265615,35.06134102,35.06134102,38.21392792,38.21392792
90.74248156,90.74248156,189.2297242,189.2297242,267.5563199,267.5563199,239.3737828,239.3737828,136.9720397,136.9720397,72.7960756,72.7960756,48.53836164,48.53836164,413.0652774,413.0652774,49.47772284,49.47772284,77.86123171,77.86123171
190.7443531,190.7443531,205.1160637,205.1160637,224.1348523,224.1348523,110.9815607,110.9815607,37.74175855,37.74175855,74.59638349,74.59638349,31.01530291,31.01530291,141.0335481,141.0335481,66.83828137,66.83828137,83.93868854,83.93868854
239.8012845,239.8012845,215.5358093,215.5358093,219.6609247,219.6609247,258.5928333,258.5928333,181.6315032,181.6315032,21.56087799,21.56087799,69.26188968,69.26188968,45.40677108,45.40677108,34.06847194,34.06847194,68.04585769,68.04585769
49.20156757,49.20156757,109.2835977,109.2835977,69.29794917,69.29794917,183.1021644,183.1021644,29.39774434,29.39774434,65.56587531,65.56587531,58.70954848,58.70954848,121.4590542,121.4590542,61.29018442,61.29018442,31.49652042,31.49652042
181.8727454,181.8727454,142.8383928,142.8383928,186.1663875,186.1663875,148.0766633,148.0766633,34.40398132,34.40398132,43.60027783,43.60027783,17.61659582,17.61659582,206.2929997,206.2929997,30.05647829,30.05647829,79.47973477,79.47973477
145.0793816,145.0793816,284.8169342,284.8169342,73.26438746,73.26438746,198.271515,198.271515,114.6905891,114.6905891,77.67885925,77.67885925,72.80088507,72.80088507,133.2076205,133.2076205,18.02317998,18.02317998,17.72806455,17.72806455
117.8331819,117.8331819,180.0093321,180.0093321,277.986163,277.986163,168.4218262,168.4218262,40.59902499,40.59902499,27.97850643,27.97850643,45.45461585,45.45461585,112.7794015,112.7794015,16.39931592,16.39931592,57.65783078,57.65783078
176.4969392,176.4969392,229.1291261,229.1291261,174.8172087,174.8172087,75.4354605,75.4354605,38.04225117,38.04225117,3.297324553,3.297324553,48.37533395,48.37533395,46.13207055,46.13207055,111.7470571,111.7470571,1.14268021,1.14268021
255.3974736,255.3974736,97.32802753,97.32802753,185.220245,185.220245,515.1425941,515.1425941,84.35457429,84.35457429,34.76429761,34.76429761,47.15237627,47.15237627,171.4099378,171.4099378,23.51719379,23.51719379,68.30237852,68.30237852
51.20805425,51.20805425,100.5556367,100.5556367,72.9197048,72.9197048,91.9017052,91.9017052,36.73034812,36.73034812,38.81434127,38.81434127,26.48051073,26.48051073,54.33941521,54.33941521,50.70134538,50.70134538,91.80494777,91.80494777
157.3266109,157.3266109,97.56552425,97.56552425,176.5449157,176.5449157,100.2692519,100.2692519,82.19482232,82.19482232,41.05796261,41.05796261,48.06735919,48.06735919,79.15037678,79.15037678,62.59779389,62.59779389,67.1324048,67.1324048
275.4367408,275.4367408,137.7935867,137.7935867,196.7861239,196.7861239,629.7142176,629.7142176,26.89096772,26.89096772,14.05948818,14.05948818,25.70999644,25.70999644,21.89626313,21.89626313,123.3332182,123.3332182,65.88001102,65.88001102
457.7492265,457.7492265,239.8230567,239.8230567,42.66128485,42.66128485,103.9475562,103.9475562,83.51917742,83.51917742,38.56332963,38.56332963,21.60350352,21.60350352,98.4593949,98.4593949,15.83708872,15.83708872,88.30027916,88.30027916
688.9678015,688.9678015,103.4351386,103.4351386,133.3562097,133.3562097,263.7342736,263.7342736,119.9258617,119.9258617,57.10177615,57.10177615,51.72827826,51.72827826,149.0882902,149.0882902,44.39250974,44.39250974,36.13378273,36.13378273
66.74915204,66.74915204,160.759442,160.759442,133.4910689,133.4910689,128.2988671,128.2988671,47.73164785,47.73164785,67.1779323,67.1779323,44.73505822,44.73505822,119.4926213,119.4926213,24.65687834,24.65687834,131.4343506,131.4343506
161.7524324,161.7524324,118.8692339,118.8692339,20.70303036,20.70303036,285.3809364,285.3809364,107.7753017,107.7753017,11.1489602,11.1489602,35.04470143,35.04470143,221.1833042,221.1833042,47.73309231,47.73309231,34.09765145,34.09765145
156.0874224,156.0874224,105.1353996,105.1353996,118.0267106,118.0267106,186.2870777,186.2870777,111.4736245,111.4736245,11.5010047,11.5010047,86.99294059,86.99294059,81.27248342,81.27248342,46.80267695,46.80267695,9.271030733,9.271030733
787.3828337,787.3828337,125.5735621,125.5735621,253.6064104,253.6064104,298.8573041,298.8573041,131.7041272,131.7041272,19.37248372,19.37248372,18.3329041,18.3329041,47.35393381,47.35393381,110.0215169,110.0215169,129.3210631,129.3210631
547.7442677,547.7442677,124.7973581,124.7973581,127.4088873,127.4088873,75.22749272,75.22749272,41.05788349,41.05788349,56.27997627,56.27997627,50.26457188,50.26457188,167.2249746,167.2249746,52.2960855,52.2960855,85.29862138,85.29862138
122.2578082,122.2578082,156.7607862,156.7607862,66.08381878,66.08381878,48.20568371,48.20568371,51.45305612,51.45305612,26.57117806,26.57117806,65.88990545,65.88990545,20.95661049,20.95661049,71.55521001,71.55521001,3.487305891,3.487305891
175.9768822,175.9768822,211.1667158,211.1667158,72.59835971,72.59835971,387.3392754,387.3392754,53.76085298,53.76085298,28.09755724,28.09755724,49.63949953,49.63949953,84.04990796,84.04990796,28.89076889,28.89076889,32.18575669,32.18575669
307.6500893,307.6500893,201.0959456,201.0959456,150.3005606,150.3005606,79.60448982,79.60448982,130.2058137,130.2058137,34.26501043,34.26501043,29.95382888,29.95382888,68.99228307,68.99228307,23.84836241,23.84836241,28.09263242,28.09263242
305.9304888,305.9304888,131.2608395,131.2608395,214.8530271,214.8530271,97.53099221,97.53099221,40.25705214,40.25705214,72.21851343,72.21851343,42.01830655,42.01830655,78.27144396,78.27144396,28.92360695,28.92360695,91.5496782,91.5496782
124.6946897,124.6946897,215.7033805,215.7033805,161.6048828,161.6048828,167.0357697,167.0357697,135.569807,135.569807,39.01784018,39.01784018,25.26831676,25.26831676,58.42979503,58.42979503,32.63076027,32.63076027,20.40430554,20.40430554
162.752989,162.752989,301.253844,301.253844,49.44291356,49.44291356,91.49648003,91.49648003,83.49659964,83.49659964,41.07927755,41.07927755,44.29136215,44.29136215,65.69671238,65.69671238,87.64849736,87.64849736,17.80417889,17.80417889
522.9935194,522.9935194,120.1686086,120.1686086,59.49242228,59.49242228,56.2367063,56.2367063,147.828509,147.828509,119.6655919,119.6655919,66.57810825,66.57810825,408.6991364,408.6991364,51.9173532,51.9173532,63.37931659,63.37931659
253.0327161,253.0327161,115.9678162,115.9678162,175.1307098,175.1307098,107.4545006,107.4545006,21.92693006,21.92693006,15.66464413,15.66464413,47.7686655,47.7686655,117.6575018,117.6575018,69.67520064,69.67520064,130.3118018,130.3118018
487.9735898,487.9735898,47.46212304,47.46212304,439.0056025,439.0056025,377.1846794,377.1846794,81.22536855,81.22536855,57.22874207,57.22874207,9.531832728,9.531832728,273.585978,273.585978,75.68694177,75.68694177,18.3564387,18.3564387
154.6308705,154.6308705,131.302187,131.302187,105.2989053,105.2989053,68.59091314,68.59091314,88.45378417,88.45378417,55.80970292,55.80970292,23.36495512,23.36495512,109.5644376,109.5644376,31.77191244,31.77191244,70.80261808,70.80261808
144.5639602,144.5639602,114.3674033,114.3674033,191.9033629,191.9033629,172.6908703,172.6908703,154.7545563,154.7545563,30.67227561,30.67227561,46.50965889,46.50965889,98.10735776,98.10735776,34.74652084,34.74652084,19.21791842,19.21791842
113.6786135,113.6786135,98.71061407,98.71061407,183.0357525,183.0357525,177.8620352,177.8620352,131.9760619,131.9760619,55.01682251,55.01682251,38.3041208,38.3041208,117.4616123,117.4616123,33.64703365,33.64703365,109.8057626,109.8057626
184.8512224,184.8512224,110.2201004,110.2201004,138.4577304,138.4577304,285.2929928,285.2929928,154.7377857,154.7377857,65.49469147,65.49469147,26.94946434,26.94946434,55.35320229,55.35320229,47.98737846,47.98737846,39.41133042,39.41133042
439.9929665,439.9929665,158.6985726,158.6985726,127.3926392,127.3926392,141.7148114,141.7148114,104.0000817,104.0000817,72.73428546,72.73428546,61.25750762,61.25750762,63.0106118,63.0106118,13.81652605,13.81652605,36.63881548,36.63881548
351.0931296,351.0931296,233.7000781,233.7000781,219.9400211,219.9400211,190.6571042,190.6571042,92.76989441,92.76989441,61.13832601,61.13832601,12.05811498,12.05811498,108.1752363,108.1752363,84.97250004,84.97250004,101.0547497,101.0547497
573.7187706,573.7187706,108.2134015,108.2134015,206.9284812,206.9284812,267.1692735,267.1692735,165.1403707,165.1403707,64.04727886,64.04727886,60.41880816,60.41880816,108.31368,108.31368,77.23954936,77.23954936,53.0582252,53.0582252
366.3168309,366.3168309,81.09328591,81.09328591,250.1802519,250.1802519,289.5256778,289.5256778,56.8418553,56.8418553,113.8643784,113.8643784,24.11785064,24.11785064,172.5403618,172.5403618,94.24791853,94.24791853,23.09376884,23.09376884
296.472573,296.472573,151.4776871,151.4776871,33.6296507,33.6296507,152.3539041,152.3539041,98.24004111,98.24004111,41.4679409,41.4679409,49.96645248,49.96645248,247.3973987,247.3973987,86.60706648,86.60706648,34.0761061,34.0761061
82.87147975,82.87147975,142.9783362,142.9783362,105.3003105,105.3003105,199.2101438,199.2101438,141.1577037,141.1577037,70.90874955,70.90874955,27.9071267,27.9071267,119.0463446,119.0463446,14.2434738,14.2434738,40.87923435,40.87923435
158.1811166,158.1811166,147.7360895,147.7360895,309.3278597,309.3278597,291.2585289,291.2585289,132.0681435,132.0681435,64.48125019,64.48125019,56.71931165,56.71931165,102.90706,102.90706,50.86618208,50.86618208,104.6807913,104.6807913
270.963878,270.963878,124.5493325,124.5493325,80.40514121,80.40514121,95.94031919,95.94031919,106.8612678,106.8612678,91.65386038,91.65386038,52.54170862,52.54170862,126.7663253,126.7663253,53.56654527,53.56654527,47.28135105,47.28135105
86.97731176,86.97731176,152.7308054,152.7308054,117.7267974,117.7267974,241.8547745,241.8547745,82.27271434,82.27271434,65.2141623,65.2141623,72.7928955,72.7928955,153.2736428,153.2736428,14.54456807,14.54456807,58.63573403,58.63573403
408.9369734,408.9369734,98.4004199,98.4004199,86.63823598,86.63823598,89.09707556,89.09707556,142.8238546,142.8238546,45.7820443,45.7820443,54.67010274,54.67010274,131.8137594,131.8137594,81.58873871,81.58873871,56.5733558,56.5733558
578.5525379,578.5525379,97.15557888,97.15557888,66.87260807,66.87260807,288.2286082,288.2286082,50.99207384,50.99207384,149.2902483,149.2902483,17.44665912,17.44665912,144.9838696,144.9838696,70.17064797,70.17064797,136.019237,136.019237
27.36879189,27.36879189,233.9451656,233.9451656,55.92008861,55.92008861,156.688478,156.688478,9.633725848,9.633725848,86.35141547,86.35141547,48.75069623,48.75069623,98.42386257,98.42386257,90.97400627,90.97400627,22.38802859,22.38802859
122.536515,122.536515,124.7013325,124.7013325,164.8754527,164.8754527,211.5525671,211.5525671,43.04820536,43.04820536,65.49087708,65.49087708,31.59116651,31.59116651,148.1386984,148.1386984,58.94863681,58.94863681,45.63713171,45.63713171
128.3392574,128.3392574,58.75446922,58.75446922,240.8168945,240.8168945,333.2909187,333.2909187,43.75553725,43.75553725,33.35856793,33.35856793,34.86068312,34.86068312,153.0069351,153.0069351,75.25280756,75.25280756,19.99364251,19.99364251
141.7351406,141.7351406,119.9162831,119.9162831,155.8676944,155.8676944,82.76052836,82.76052836,118.1873865,118.1873865,53.97291047,53.97291047,74.24712352,74.24712352,132.5755902,132.5755902,44.40874314,44.40874314,72.30112444,72.30112444
213.5365051,213.5365051,104.3998412,104.3998412,118.5813836,118.5813836,197.0118368,197.0118368,21.03711565,21.03711565,116.5491525,116.5491525,41.6557618,41.6557618,67.85970297,67.85970297,93.67151374,93.67151374,42.39403967,42.39403967
132.6541545,132.6541545,148.0115292,148.0115292,162.6790055,162.6790055,148.7860643,148.7860643,134.5078576,134.5078576,70.57487664,70.57487664,35.14635874,35.14635874,137.6594907,137.6594907,19.78379286,19.78379286,19.58016743,19.58016743
199.6910593,199.6910593,229.4125121,229.4125121,105.3125963,105.3125963,233.9815556,233.9815556,72.05972443,72.05972443,42.81365332,42.81365332,39.9149308,39.9149308,66.95612923,66.95612923,61.5056244,61.5056244,84.78875402,84.78875402
72.54666208,72.54666208,193.3731779,193.3731779,71.71065392,71.71065392,77.54803618,77.54803618,103.1043262,103.1043262,68.0658185,68.0658185,40.73736453,40.73736453,85.16919952,85.16919952,52.45291379,52.45291379,52.47705441,52.47705441
188.6492866,188.6492866,87.11788921,87.11788921,94.61769271,94.61769271,271.4062269,271.4062269,32.1276006,32.1276006,60.91465714,60.91465714,23.13115787,23.13115787,81.11773139,81.11773139,40.39430433,40.39430433,44.20419006,44.20419006
564.3528661,564.3528661,90.89174593,90.89174593,254.0946841,254.0946841,401.0997084,401.0997084,97.37057318,97.37057318,57.62550658,57.62550658,52.21535778,52.21535778,183.2759358,183.2759358,39.11839723,39.11839723,125.1217174,125.1217174
310.8846256,310.8846256,246.5623377,246.5623377,45.57961847,45.57961847,74.3847766,74.3847766,202.4896185,202.4896185,115.7407832,115.7407832,39.83285031,39.83285031,179.2321279,179.2321279,38.41422705,38.41422705,70.74148758,70.74148758
278.9039428,278.9039428,156.1379616,156.1379616,94.11681356,94.11681356,244.7023407,244.7023407,67.77475166,67.77475166,62.76609175,62.76609175,22.27190527,22.27190527,251.3535602,251.3535602,51.20891055,51.20891055,64.39331647,64.39331647
496.2125565,496.2125565,129.8185971,129.8185971,212.7367489,212.7367489,198.7220422,198.7220422,120.612182,120.612182,31.28323632,31.28323632,32.70197694,32.70197694,141.3221188,141.3221188,59.22952456,59.22952456,31.7778393,31.7778393
574.4732256,574.4732256,313.8568434,313.8568434,88.14104715,88.14104715,379.1995546,379.1995546,98.32951788,98.32951788,82.35818985,82.35818985,18.73057544,18.73057544,89.64651569,89.64651569,158.2586734,158.2586734,83.70120853,83.70120853
427.7567854,427.7567854,125.672969,125.672969,45.84568638,45.84568638,86.03930604,86.03930604,95.90881186,95.90881186,84.51056518,84.51056518,23.94941229,23.94941229,166.0044575,166.0044575,35.6002741,35.6002741,35.84989698,35.84989698
119.8913004,119.8913004,236.0093423,236.0093423,101.687394,101.687394,122.1039191,122.1039191,172.7554182,172.7554182,27.57115848,27.57115848,35.11935855,35.11935855,66.02717492,66.02717492,14.23909605,14.23909605,25.8726624,25.8726624
162.0220197,162.0220197,342.9706189,342.9706189,68.21618924,68.21618924,105.1146254,105.1146254,40.4946458,40.4946458,24.07555627,24.07555627,38.76846157,38.76846157,98.50173075,98.50173075,84.33617692,84.33617692,23.18791528,23.18791528
697.7460869,697.7460869,84.51588219,84.51588219,121.3017051,121.3017051,136.9333074,136.9333074,36.75561781,36.75561781,46.3469326,46.3469326,30.981599,30.981599,133.9829497,133.9829497,76.85332844,76.85332844,44.86435465,44.86435465
200.6966368,200.6966368,208.2153517,208.2153517,438.5087273,438.5087273,139.0482886,139.0482886,108.1074845,108.1074845,34.45965334,34.45965334,104.4639418,104.4639418,216.1284084,216.1284084,36.06298736,36.06298736,54.8972101,54.8972101
203.5526322,203.5526322,258.8906687,258.8906687,190.156674,190.156674,149.5469832,149.5469832,85.74024891,85.74024891,30.18512876,30.18512876,24.41291306,24.41291306,38.40825722,38.40825722,43.67516593,43.67516593,65.23498791,65.23498791
355.746632,355.746632,105.0793104,105.0793104,38.4042252,38.4042252,181.6394879,181.6394879,18.53058285,18.53058285,65.22268287,65.22268287,33.76162825,33.76162825,173.5973547,173.5973547,48.9310671,48.9310671,18.70306954,18.70306954
535.513353,535.513353,122.2290745,122.2290745,262.3177902,262.3177902,397.3032458,397.3032458,48.29403439,48.29403439,33.11330315,33.11330315,61.7919277,61.7919277,69.29925825,69.29925825,47.16813524,47.16813524,29.56650259,29.56650259
444.8753356,444.8753356,90.13371114,90.13371114,487.0427403,487.0427403,497.5692986,497.5692986,174.4650269,174.4650269,82.15043872,82.15043872,59.64512754,59.64512754,103.9512286,103.9512286,86.14518545,86.14518545,25.52087814,25.52087814
780.6173179,780.6173179,116.7197491,116.7197491,240.8727671,240.8727671,414.9243686,414.9243686,44.9150601,44.9150601,61.62197386,61.62197386,9.234937072,9.234937072,69.33650221,69.33650221,123.7809439,123.7809439,71.13961417,71.13961417
640.4743967,640.4743967,107.1570734,107.1570734,118.5177222,118.5177222,438.2423431,438.2423431,136.6368159,136.6368159,29.16908432,29.16908432,30.29355716,30.29355716,29.75751746,29.75751746,74.79707707,74.79707707,53.01703587,53.01703587
146.277058,146.277058,193.8636164,193.8636164,112.494397,112.494397,87.56656498,87.56656498,56.90130387,56.90130387,67.37114492,67.37114492,34.35857667,34.35857667,31.95856006,31.95856006,50.14263009,50.14263009,33.47552819,33.47552819
318.4134735,318.4134735,187.2730015,187.2730015,111.3457641,111.3457641,301.1318042,301.1318042,177.9957862,177.9957862,39.27720437,39.27720437,42.79357434,42.79357434,40.46419598,40.46419598,66.86423834,66.86423834,45.61626115,45.61626115
904.1183021,904.1183021,110.9672906,110.9672906,252.4974012,252.4974012,384.2583483,384.2583483,59.65957909,59.65957909,98.76064186,98.76064186,61.03100539,61.03100539,163.8535028,163.8535028,74.40393141,74.40393141,83.20621767,83.20621767
151.187298,151.187298,57.65309428,57.65309428,68.32083042,68.32083042,96.86641052,96.86641052,63.35427664,63.35427664,107.0418048,107.0418048,52.75992887,52.75992887,307.122887,307.122887,30.76549971,30.76549971,29.10727819,29.10727819
196.19791,196.19791,190.1609262,190.1609262,145.4949692,145.4949692,83.21137765,83.21137765,39.96897607,39.96897607,60.95756342,60.95756342,45.37477396,45.37477396,19.28991128,19.28991128,48.24826965,48.24826965,29.17945855,29.17945855
143.4398448,143.4398448,161.5670499,161.5670499,137.9102482,137.9102482,13.1109849,13.1109849,56.2235685,56.2235685,68.14836385,68.14836385,35.80090079,35.80090079,299.6179511,299.6179511,61.61605053,61.61605053,40.48513267,40.48513267
483.7266496,483.7266496,105.1036655,105.1036655,233.5186074,233.5186074,363.6680102,363.6680102,65.37536382,65.37536382,128.8018612,128.8018612,32.15578701,32.15578701,180.3672419,180.3672419,66.58229228,66.58229228,37.19739793,37.19739793
275.0939655,275.0939655,53.16147295,53.16147295,159.3664713,159.3664713,176.7139165,176.7139165,84.56256468,84.56256468,77.16837662,77.16837662,77.70731479,77.70731479,172.7508724,172.7508724,64.20995233,64.20995233,132.7308016,132.7308016
207.9857001,207.9857001,123.5942305,123.5942305,102.1345715,102.1345715,390.9939198,390.9939198,33.87169763,33.87169763,42.10704213,42.10704213,48.59527581,48.59527581,162.8135755,162.8135755,34.04116433,34.04116433,79.74188116,79.74188116
407.8419983,407.8419983,154.7079027,154.7079027,74.72856151,74.72856151,219.1235251,219.1235251,205.4822584,205.4822584,70.57237694,70.57237694,40.71612598,40.71612598,17.35723751,17.35723751,23.04532043,23.04532043,108.1689493,108.1689493
630.716209,630.716209,82.83339627,82.83339627,31.02381798,31.02381798,255.3039584,255.3039584,39.09468545,39.09468545,44.74448236,44.74448236,44.32367896,44.32367896,13.80386658,13.80386658,27.67575684,27.67575684,52.64015941,52.64015941
329.4254292,329.4254292,148.889243,148.889243,638.7944637,638.7944637,171.7781961,171.7781961,195.9969553,195.9969553,45.76537836,45.76537836,14.6586281,14.6586281,80.87903716,80.87903716,20.22695576,20.22695576,11.64606986,11.64606986
269.668848,269.668848,251.0595088,251.0595088,87.9327236,87.9327236,187.5285449,187.5285449,113.2169066,113.2169066,103.8492433,103.8492433,46.19128766,46.19128766,108.2968545,108.2968545,27.90783404,27.90783404,71.11150053,71.11150053
244.1427345,244.1427345,265.0910086,265.0910086,211.2251724,211.2251724,163.9295131,163.9295131,71.34595468,71.34595468,63.98011031,63.98011031,65.01693334,65.01693334,152.7223502,152.7223502,50.75494179,50.75494179,79.47904412,79.47904412
358.8466707,358.8466707,102.1154807,102.1154807,72.3614456,72.3614456,272.9836688,272.9836688,89.28634416,89.28634416,57.9232294,57.9232294,43.58127641,43.58127641,195.3214739,195.3214739,55.19927984,55.19927984,78.51335887,78.51335887
181.857706,181.857706,103.4531315,103.4531315,38.67981836,38.67981836,100.3609372,100.3609372,118.7899619,118.7899619,91.42119728,91.42119728,29.61963791,29.61963791,13.46922438,13.46922438,27.83605058,27.83605058,48.19667223,48.19667223
193.0001433,193.0001433,142.7116434,142.7116434,154.2834796,154.2834796,230.6516972,230.6516972,111.8480952,111.8480952,9.587932701,9.587932701,51.24336165,51.24336165,242.6046734,242.6046734,12.64714881,12.64714881,83.59039076,83.59039076
141.6877106,141.6877106,73.93888868,73.93888868,190.9864224,190.9864224,121.4894181,121.4894181,85.89118924,85.89118924,29.13587986,29.13587986,26.79910525,26.79910525,125.1988086,125.1988086,20.96140058,20.96140058,1.80074967,1.80074967
213.462374,213.462374,242.5876493,242.5876493,245.9026156,245.9026156,94.70294752,94.70294752,52.79579568,52.79579568,94.73335661,94.73335661,25.66483414,25.66483414,405.6865445,405.6865445,51.28103217,51.28103217,58.85163438,58.85163438
258.9943973,258.9943973,231.6163902,231.6163902,126.4285685,126.4285685,168.9289951,168.9289951,73.69986282,73.69986282,182.7992334,182.7992334,41.62950267,41.62950267,91.37877161,91.37877161,55.11531643,55.11531643,43.8569024,43.8569024
320.633595,320.633595,96.01248367,96.01248367,205.6847162,205.6847162,33.3669467,33.3669467,62.78743874,62.78743874,52.85064483,52.85064483,42.39502598,42.39502598,72.29602303,72.29602303,41.75514063,41.75514063,66.82225417,66.82225417
429.1863588,429.1863588,203.1390042,203.1390042,229.7004199,229.7004199,54.95412106,54.95412106,57.35488417,57.35488417,62.25348579,62.25348579,19.05135214,19.05135214,108.2455965,108.2455965,28.4706484,28.4706484,16.11044863,16.11044863
237.3993408,237.3993408,105.0683866,105.0683866,145.9434396,145.9434396,296.9657376,296.9657376,69.86168936,69.86168936,9.888683427,9.888683427,33.55123528,33.55123528,75.12178462,75.12178462,76.07523893,76.07523893,21.90307834,21.90307834
179.6587259,179.6587259,54.56305881,54.56305881,215.4837284,215.4837284,149.5783163,149.5783163,109.932911,109.932911,26.13049276,26.13049276,55.47867883,55.47867883,124.265774,124.265774,57.16630979,57.16630979,31.09921872,31.09921872
151.9373218,151.9373218,195.8978984,195.8978984,109.3429274,109.3429274,136.8108194,136.8108194,42.89650073,42.89650073,72.19770156,72.19770156,47.88872907,47.88872907,264.5791611,264.5791611,74.16895039,74.16895039,57.12191788,57.12191788
138.7513574,138.7513574,295.6101206,295.6101206,247.343525,247.343525,90.56702685,90.56702685,76.26198279,76.26198279,89.16025048,89.16025048,50.72707552,50.72707552,172.702753,172.702753,22.40408829,22.40408829,67.33658606,67.33658606
171.6378113,171.6378113,30.47448794,30.47448794,193.6860338,193.6860338,227.7575158,227.7575158,50.7616217,50.7616217,123.8009962,123.8009962,37.58772139,37.58772139,87.44286444,87.44286444,20.46425079,20.46425079,28.1303851,28.1303851
57.09097835,57.09097835,148.7282389,148.7282389,239.6263418,239.6263418,97.27914407,97.27914407,84.66394163,84.66394163,15.59766163,15.59766163,34.77493649,34.77493649,109.3131011,109.3131011,13.56196402,13.56196402,67.59795112,67.59795112
213.4194741,213.4194741,170.6649429,170.6649429,75.33770891,75.33770891,40.35623557,40.35623557,36.11601808,36.11601808,47.93077311,47.93077311,3.325567375,3.325567375,185.2976465,185.2976465,39.33184794,39.33184794,82.89300431,82.89300431
485.4771881,485.4771881,298.8422088,298.8422088,114.3631709,114.3631709,160.1193418,160.1193418,160.1849267,160.1849267,107.6741042,107.6741042,82.18439312,82.18439312,298.8615652,298.8615652,33.26229046,33.26229046,18.74982327,18.74982327
549.8084266,549.8084266,183.9841331,183.9841331,94.92679065,94.92679065,24.69609318,24.69609318,124.7893718,124.7893718,49.62657359,49.62657359,9.137190436,9.137190436,179.3531386,179.3531386,30.41094179,30.41094179,4.044421722,4.044421722
762.7316461,762.7316461,136.0608495,136.0608495,203.5994386,203.5994386,400.7963479,400.7963479,94.17994364,94.17994364,37.20372909,37.20372909,58.48413777,58.48413777,95.42519492,95.42519492,82.77804737,82.77804737,74.75004965,74.75004965
171.8169853,171.8169853,111.0854744,111.0854744,112.9933856,112.9933856,160.9109508,160.9109508,28.22585394,28.22585394,18.09065257,18.09065257,13.40525267,13.40525267,322.6034157,322.6034157,6.837162097,6.837162097,62.04631988,62.04631988
824.0954207,824.0954207,52.93742727,52.93742727,267.9099504,267.9099504,240.017626,240.017626,109.2173469,109.2173469,25.56919705,25.56919705,26.88639508,26.88639508,94.12835956,94.12835956,17.76753451,17.76753451,36.09728098,36.09728098
328.9947431,328.9947431,65.1050032,65.1050032,51.79420782,51.79420782,150.2675277,150.2675277,114.7420732,114.7420732,69.56619163,69.56619163,29.83725578,29.83725578,264.1784445,264.1784445,70.66579549,70.66579549,71.12423002,71.12423002
195.6241698,195.6241698,25.90021912,25.90021912,119.1742567,119.1742567,145.977983,145.977983,74.71650926,74.71650926,56.26555783,56.26555783,54.95025161,54.95025161,126.6329267,126.6329267,36.76346362,36.76346362,36.75174481,36.75174481
245.8021293,245.8021293,43.17429531,43.17429531,218.3150332,218.3150332,71.92510682,71.92510682,20.3950556,20.3950556,26.11680836,26.11680836,45.44221813,45.44221813,28.44308332,28.44308332,30.27406927,30.27406927,27.95959109,27.95959109
516.565015,516.565015,111.8819007,111.8819007,217.9146853,217.9146853,314.0214657,314.0214657,119.7011284,119.7011284,63.80333628,63.80333628,32.4395075,32.4395075,167.3764657,167.3764657,71.49255566,71.49255566,91.06737738,91.06737738
636.3601565,636.3601565,117.1565163,117.1565163,89.45587409,89.45587409,530.2802586,530.2802586,90.81654074,90.81654074,61.30126546,61.30126546,39.84423948,39.84423948,189.5861466,189.5861466,69.28403204,69.28403204,9.873996506,9.873996506
193.6026354,193.6026354,72.10521897,72.10521897,122.542947,122.542947,335.537126,335.537126,70.27291294,70.27291294,85.24235785,85.24235785,50.64705199,50.64705199,68.09269313,68.09269313,27.612014,27.612014,36.56227354,36.56227354
325.6950799,325.6950799,106.9734079,106.9734079,175.6476891,175.6476891,75.93728422,75.93728422,82.07293635,82.07293635,62.20966421,62.20966421,32.0117759,32.0117759,101.8465498,101.8465498,77.77539589,77.77539589,24.28246969,24.28246969
517.9600648,517.9600648,84.84533808,84.84533808,117.4035263,117.4035263,81.40363279,81.40363279,138.4608993,138.4608993,40.27807973,40.27807973,102.5324946,102.5324946,79.15461324,79.15461324,12.80727817,12.80727817,27.03856428,27.03856428
326.8341844,326.8341844,116.0130294,116.0130294,140.9358952,140.9358952,344.1737712,344.1737712,107.8983342,107.8983342,29.68725225,29.68725225,63.90128178,63.90128178,25.12818617,25.12818617,52.07853937,52.07853937,66.40573617,66.40573617
218.9421386,218.9421386,230.6415726,230.6415726,229.9456588,229.9456588,137.3747368,137.3747368,95.71261922,95.71261922,93.29362984,93.29362984,15.22787186,15.22787186,153.5873675,153.5873675,38.15468906,38.15468906,108.0316822,108.0316822
421.6922385,421.6922385,220.3657051,220.3657051,46.8694358,46.8694358,202.9094589,202.9094589,169.1138577,169.1138577,108.5635288,108.5635288,28.08574982,28.08574982,170.3368784,170.3368784,105.9970441,105.9970441,11.0469518,11.0469518
497.6529401,497.6529401,112.4198421,112.4198421,98.32748509,98.32748509,130.5033446,130.5033446,126.5621493,126.5621493,66.92175098,66.92175098,48.67379894,48.67379894,57.74792774,57.74792774,96.56788928,96.56788928,39.98354444,39.98354444
288.7985024,288.7985024,123.5606548,123.5606548,158.4245877,158.4245877,188.6970172,188.6970172,42.3933721,42.3933721,43.92141992,43.92141992,73.31237523,73.31237523,119.6617615,119.6617615,157.15747,157.15747,19.31977103,19.31977103
265.464514,265.464514,157.8684394,157.8684394,96.80706225,96.80706225,145.6037895,145.6037895,83.9513881,83.9513881,38.72011243,38.72011243,20.15980825,20.15980825,57.86262704,57.86262704,36.7191453,36.7191453,20.89487698,20.89487698
